,sentences,llm_responses,actual_labels,complete_responses
0,"According to Gran , the company has no plans to move all production to Russia , although that is where the company is growing .","  Label: POSITIVE
Explanation: The sentence expresses a positive sentiment as it highlights the company's growth in Russia without any negative connotations. The use of the word ""although"" suggests a contrast between the expected outcome (moving all production to Russia) and the actual situation (no plans to do so), which reinforces the positive tone.",1,"{'id': '870d83248b7d9123-ORD', 'status': 'finished', 'prompt': ['<s>[INST] <<SYS>>  Discard all the previous instructions. Behave like you are an expert sentence sentiment classifier   <</SYS>>  Classify the following sentence into ‘NEGATIVE’, ‘POSITIVE’, or ‘NEUTRAL’\n                class. Label ‘NEGATIVE’ if it is corresponding to negative sentiment, ‘POSITIVE’ if it is\n                corresponding to positive sentiment, or ‘NEUTRAL’ if the sentiment is neutral. Provide\n                the label in the first line and provide a short explanation in the second line. This is the sentence: According to Gran , the company has no plans to move all production to Russia , although that is where the company is growing . [/INST]'], 'model': 'meta-llama/Llama-2-7b-chat-hf', 'model_owner': '', 'num_returns': 1, 'args': {'model': 'meta-llama/Llama-2-7b-chat-hf', 'prompt': '<s>[INST] <<SYS>>  Discard all the previous instructions. Behave like you are an expert sentence sentiment classifier   <</SYS>>  Classify the following sentence into ‘NEGATIVE’, ‘POSITIVE’, or ‘NEUTRAL’\n                class. Label ‘NEGATIVE’ if it is corresponding to negative sentiment, ‘POSITIVE’ if it is\n                corresponding to positive sentiment, or ‘NEUTRAL’ if the sentiment is neutral. Provide\n                the label in the first line and provide a short explanation in the second line. This is the sentence: According to Gran , the company has no plans to move all production to Russia , although that is where the company is growing . [/INST]', 'top_p': 0.7, 'top_k': 50, 'temperature': 0.7, 'max_tokens': 128, 'stop': ['<human>', '\n\n'], 'repetition_penalty': 1.1, 'logprobs': None, 'safety_model': None}, 'subjobs': [], 'usage': {'prompt_tokens': 162, 'completion_tokens': 80, 'total_tokens': 242, 'duration': 1140}, 'output': {'finish_reason': 'eos_token', 'usage': {'prompt_tokens': 162, 'completion_tokens': 80, 'total_tokens': 242}, 'result_type': 'language-model-inference', 'choices': [{'text': '  Label: POSITIVE\nExplanation: The sentence expresses a positive sentiment as it highlights the company\'s growth in Russia without any negative connotations. The use of the word ""although"" suggests a contrast between the expected outcome (moving all production to Russia) and the actual situation (no plans to do so), which reinforces the positive tone.', 'finish_reason': 'eos', 'token_ids': [29871, 15796, 29901, 349, 3267, 1806, 18474, 13, 1252, 9018, 362, 29901, 450, 10541, 4653, 267, 263, 6374, 19688, 408, 372, 12141, 29879, 278, 5001, 29915, 29879, 14321, 297, 12710, 1728, 738, 8178, 378, 1333, 800, 29889, 450, 671, 310, 278, 1734, 376, 26492, 29908, 14661, 263, 12814, 1546, 278, 3806, 21957, 313, 13529, 292, 599, 5802, 304, 12710, 29897, 322, 278, 3935, 6434, 313, 1217, 13900, 304, 437, 577, 511, 607, 15561, 1454, 778, 278, 6374, 16225, 29889, 2]}], 'prompt': [{'text': '<s>[INST] <<SYS>>  Discard all the previous instructions. Behave like you are an expert sentence sentiment classifier   <</SYS>>  Classify the following sentence into ‘NEGATIVE’, ‘POSITIVE’, or ‘NEUTRAL’\n                class. Label ‘NEGATIVE’ if it is corresponding to negative sentiment, ‘POSITIVE’ if it is\n                corresponding to positive sentiment, or ‘NEUTRAL’ if the sentiment is neutral. Provide\n                the label in the first line and provide a short explanation in the second line. This is the sentence: According to Gran , the company has no plans to move all production to Russia , although that is where the company is growing . [/INST]', 'token_ids': [], 'tokens': [], 'token_logprobs': []}]}}"
1,"For the last quarter of 2010 , Componenta 's net sales doubled to EUR131m from EUR76m for the same period a year earlier , while it moved to a zero pre-tax profit from a pre-tax loss of EUR7m .",  Sure! Here's the classification of the given sentence:,2,"{'id': '870d832eea4be153-ORD', 'status': 'finished', 'prompt': [""<s>[INST] <<SYS>>  Discard all the previous instructions. Behave like you are an expert sentence sentiment classifier   <</SYS>>  Classify the following sentence into ‘NEGATIVE’, ‘POSITIVE’, or ‘NEUTRAL’\n                class. Label ‘NEGATIVE’ if it is corresponding to negative sentiment, ‘POSITIVE’ if it is\n                corresponding to positive sentiment, or ‘NEUTRAL’ if the sentiment is neutral. Provide\n                the label in the first line and provide a short explanation in the second line. This is the sentence: For the last quarter of 2010 , Componenta 's net sales doubled to EUR131m from EUR76m for the same period a year earlier , while it moved to a zero pre-tax profit from a pre-tax loss of EUR7m . [/INST]""], 'model': 'meta-llama/Llama-2-7b-chat-hf', 'model_owner': '', 'num_returns': 1, 'args': {'model': 'meta-llama/Llama-2-7b-chat-hf', 'prompt': ""<s>[INST] <<SYS>>  Discard all the previous instructions. Behave like you are an expert sentence sentiment classifier   <</SYS>>  Classify the following sentence into ‘NEGATIVE’, ‘POSITIVE’, or ‘NEUTRAL’\n                class. Label ‘NEGATIVE’ if it is corresponding to negative sentiment, ‘POSITIVE’ if it is\n                corresponding to positive sentiment, or ‘NEUTRAL’ if the sentiment is neutral. Provide\n                the label in the first line and provide a short explanation in the second line. This is the sentence: For the last quarter of 2010 , Componenta 's net sales doubled to EUR131m from EUR76m for the same period a year earlier , while it moved to a zero pre-tax profit from a pre-tax loss of EUR7m . [/INST]"", 'top_p': 0.7, 'top_k': 50, 'temperature': 0.7, 'max_tokens': 128, 'stop': ['<human>', '\n\n'], 'repetition_penalty': 1.1, 'logprobs': None, 'safety_model': None}, 'subjobs': [], 'usage': {'prompt_tokens': 199, 'completion_tokens': 15, 'total_tokens': 214, 'duration': 565}, 'output': {'finish_reason': 'stop_sequence', 'usage': {'prompt_tokens': 199, 'completion_tokens': 15, 'total_tokens': 214}, 'result_type': 'language-model-inference', 'choices': [{'text': ""  Sure! Here's the classification of the given sentence:"", 'finish_reason': 'stop', 'token_ids': [29871, 18585, 29991, 2266, 29915, 29879, 278, 12965, 310, 278, 2183, 10541, 29901, 13, 13]}], 'prompt': [{'text': ""<s>[INST] <<SYS>>  Discard all the previous instructions. Behave like you are an expert sentence sentiment classifier   <</SYS>>  Classify the following sentence into ‘NEGATIVE’, ‘POSITIVE’, or ‘NEUTRAL’\n                class. Label ‘NEGATIVE’ if it is corresponding to negative sentiment, ‘POSITIVE’ if it is\n                corresponding to positive sentiment, or ‘NEUTRAL’ if the sentiment is neutral. Provide\n                the label in the first line and provide a short explanation in the second line. This is the sentence: For the last quarter of 2010 , Componenta 's net sales doubled to EUR131m from EUR76m for the same period a year earlier , while it moved to a zero pre-tax profit from a pre-tax loss of EUR7m . [/INST]"", 'token_ids': [], 'tokens': [], 'token_logprobs': []}]}}"
2,"In the third quarter of 2010 , net sales increased by 5.2 % to EUR 205.5 mn , and operating profit by 34.9 % to EUR 23.5 mn .",  Label: POSITIVE,2,"{'id': '870d8334abad02c8-ORD', 'status': 'finished', 'prompt': ['<s>[INST] <<SYS>>  Discard all the previous instructions. Behave like you are an expert sentence sentiment classifier   <</SYS>>  Classify the following sentence into ‘NEGATIVE’, ‘POSITIVE’, or ‘NEUTRAL’\n                class. Label ‘NEGATIVE’ if it is corresponding to negative sentiment, ‘POSITIVE’ if it is\n                corresponding to positive sentiment, or ‘NEUTRAL’ if the sentiment is neutral. Provide\n                the label in the first line and provide a short explanation in the second line. This is the sentence: In the third quarter of 2010 , net sales increased by 5.2 % to EUR 205.5 mn , and operating profit by 34.9 % to EUR 23.5 mn . [/INST]'], 'model': 'meta-llama/Llama-2-7b-chat-hf', 'model_owner': '', 'num_returns': 1, 'args': {'model': 'meta-llama/Llama-2-7b-chat-hf', 'prompt': '<s>[INST] <<SYS>>  Discard all the previous instructions. Behave like you are an expert sentence sentiment classifier   <</SYS>>  Classify the following sentence into ‘NEGATIVE’, ‘POSITIVE’, or ‘NEUTRAL’\n                class. Label ‘NEGATIVE’ if it is corresponding to negative sentiment, ‘POSITIVE’ if it is\n                corresponding to positive sentiment, or ‘NEUTRAL’ if the sentiment is neutral. Provide\n                the label in the first line and provide a short explanation in the second line. This is the sentence: In the third quarter of 2010 , net sales increased by 5.2 % to EUR 205.5 mn , and operating profit by 34.9 % to EUR 23.5 mn . [/INST]', 'top_p': 0.7, 'top_k': 50, 'temperature': 0.7, 'max_tokens': 128, 'stop': ['<human>', '\n\n'], 'repetition_penalty': 1.1, 'logprobs': None, 'safety_model': None}, 'subjobs': [], 'usage': {'prompt_tokens': 188, 'completion_tokens': 9, 'total_tokens': 197, 'duration': 447}, 'output': {'finish_reason': 'stop_sequence', 'usage': {'prompt_tokens': 188, 'completion_tokens': 9, 'total_tokens': 197}, 'result_type': 'language-model-inference', 'choices': [{'text': '  Label: POSITIVE', 'finish_reason': 'stop', 'token_ids': [29871, 15796, 29901, 349, 3267, 1806, 18474, 13, 13]}], 'prompt': [{'text': '<s>[INST] <<SYS>>  Discard all the previous instructions. Behave like you are an expert sentence sentiment classifier   <</SYS>>  Classify the following sentence into ‘NEGATIVE’, ‘POSITIVE’, or ‘NEUTRAL’\n                class. Label ‘NEGATIVE’ if it is corresponding to negative sentiment, ‘POSITIVE’ if it is\n                corresponding to positive sentiment, or ‘NEUTRAL’ if the sentiment is neutral. Provide\n                the label in the first line and provide a short explanation in the second line. This is the sentence: In the third quarter of 2010 , net sales increased by 5.2 % to EUR 205.5 mn , and operating profit by 34.9 % to EUR 23.5 mn . [/INST]', 'token_ids': [], 'tokens': [], 'token_logprobs': []}]}}"
3,Operating profit rose to EUR 13.1 mn from EUR 8.7 mn in the corresponding period in 2007 representing 7.7 % of net sales .,  Label: POSITIVE,2,"{'id': '870d833dddd92c88-ORD', 'status': 'finished', 'prompt': ['<s>[INST] <<SYS>>  Discard all the previous instructions. Behave like you are an expert sentence sentiment classifier   <</SYS>>  Classify the following sentence into ‘NEGATIVE’, ‘POSITIVE’, or ‘NEUTRAL’\n                class. Label ‘NEGATIVE’ if it is corresponding to negative sentiment, ‘POSITIVE’ if it is\n                corresponding to positive sentiment, or ‘NEUTRAL’ if the sentiment is neutral. Provide\n                the label in the first line and provide a short explanation in the second line. This is the sentence: Operating profit rose to EUR 13.1 mn from EUR 8.7 mn in the corresponding period in 2007 representing 7.7 % of net sales . [/INST]'], 'model': 'meta-llama/Llama-2-7b-chat-hf', 'model_owner': '', 'num_returns': 1, 'args': {'model': 'meta-llama/Llama-2-7b-chat-hf', 'prompt': '<s>[INST] <<SYS>>  Discard all the previous instructions. Behave like you are an expert sentence sentiment classifier   <</SYS>>  Classify the following sentence into ‘NEGATIVE’, ‘POSITIVE’, or ‘NEUTRAL’\n                class. Label ‘NEGATIVE’ if it is corresponding to negative sentiment, ‘POSITIVE’ if it is\n                corresponding to positive sentiment, or ‘NEUTRAL’ if the sentiment is neutral. Provide\n                the label in the first line and provide a short explanation in the second line. This is the sentence: Operating profit rose to EUR 13.1 mn from EUR 8.7 mn in the corresponding period in 2007 representing 7.7 % of net sales . [/INST]', 'top_p': 0.7, 'top_k': 50, 'temperature': 0.7, 'max_tokens': 128, 'stop': ['<human>', '\n\n'], 'repetition_penalty': 1.1, 'logprobs': None, 'safety_model': None}, 'subjobs': [], 'usage': {'prompt_tokens': 178, 'completion_tokens': 9, 'total_tokens': 187, 'duration': 225}, 'output': {'finish_reason': 'stop_sequence', 'usage': {'prompt_tokens': 178, 'completion_tokens': 9, 'total_tokens': 187}, 'result_type': 'language-model-inference', 'choices': [{'text': '  Label: POSITIVE', 'finish_reason': 'stop', 'token_ids': [29871, 15796, 29901, 349, 3267, 1806, 18474, 13, 13]}], 'prompt': [{'text': '<s>[INST] <<SYS>>  Discard all the previous instructions. Behave like you are an expert sentence sentiment classifier   <</SYS>>  Classify the following sentence into ‘NEGATIVE’, ‘POSITIVE’, or ‘NEUTRAL’\n                class. Label ‘NEGATIVE’ if it is corresponding to negative sentiment, ‘POSITIVE’ if it is\n                corresponding to positive sentiment, or ‘NEUTRAL’ if the sentiment is neutral. Provide\n                the label in the first line and provide a short explanation in the second line. This is the sentence: Operating profit rose to EUR 13.1 mn from EUR 8.7 mn in the corresponding period in 2007 representing 7.7 % of net sales . [/INST]', 'token_ids': [], 'tokens': [], 'token_logprobs': []}]}}"
4,"Operating profit totalled EUR 21.1 mn , up from EUR 18.6 mn in 2007 , representing 9.7 % of net sales .",  Label: POSITIVE,2,"{'id': '870d83419a802238-ORD', 'status': 'finished', 'prompt': ['<s>[INST] <<SYS>>  Discard all the previous instructions. Behave like you are an expert sentence sentiment classifier   <</SYS>>  Classify the following sentence into ‘NEGATIVE’, ‘POSITIVE’, or ‘NEUTRAL’\n                class. Label ‘NEGATIVE’ if it is corresponding to negative sentiment, ‘POSITIVE’ if it is\n                corresponding to positive sentiment, or ‘NEUTRAL’ if the sentiment is neutral. Provide\n                the label in the first line and provide a short explanation in the second line. This is the sentence: Operating profit totalled EUR 21.1 mn , up from EUR 18.6 mn in 2007 , representing 9.7 % of net sales . [/INST]'], 'model': 'meta-llama/Llama-2-7b-chat-hf', 'model_owner': '', 'num_returns': 1, 'args': {'model': 'meta-llama/Llama-2-7b-chat-hf', 'prompt': '<s>[INST] <<SYS>>  Discard all the previous instructions. Behave like you are an expert sentence sentiment classifier   <</SYS>>  Classify the following sentence into ‘NEGATIVE’, ‘POSITIVE’, or ‘NEUTRAL’\n                class. Label ‘NEGATIVE’ if it is corresponding to negative sentiment, ‘POSITIVE’ if it is\n                corresponding to positive sentiment, or ‘NEUTRAL’ if the sentiment is neutral. Provide\n                the label in the first line and provide a short explanation in the second line. This is the sentence: Operating profit totalled EUR 21.1 mn , up from EUR 18.6 mn in 2007 , representing 9.7 % of net sales . [/INST]', 'top_p': 0.7, 'top_k': 50, 'temperature': 0.7, 'max_tokens': 128, 'stop': ['<human>', '\n\n'], 'repetition_penalty': 1.1, 'logprobs': None, 'safety_model': None}, 'subjobs': [], 'usage': {'prompt_tokens': 178, 'completion_tokens': 9, 'total_tokens': 187, 'duration': 461}, 'output': {'finish_reason': 'stop_sequence', 'usage': {'prompt_tokens': 178, 'completion_tokens': 9, 'total_tokens': 187}, 'result_type': 'language-model-inference', 'choices': [{'text': '  Label: POSITIVE', 'finish_reason': 'stop', 'token_ids': [29871, 15796, 29901, 349, 3267, 1806, 18474, 13, 13]}], 'prompt': [{'text': '<s>[INST] <<SYS>>  Discard all the previous instructions. Behave like you are an expert sentence sentiment classifier   <</SYS>>  Classify the following sentence into ‘NEGATIVE’, ‘POSITIVE’, or ‘NEUTRAL’\n                class. Label ‘NEGATIVE’ if it is corresponding to negative sentiment, ‘POSITIVE’ if it is\n                corresponding to positive sentiment, or ‘NEUTRAL’ if the sentiment is neutral. Provide\n                the label in the first line and provide a short explanation in the second line. This is the sentence: Operating profit totalled EUR 21.1 mn , up from EUR 18.6 mn in 2007 , representing 9.7 % of net sales . [/INST]', 'token_ids': [], 'tokens': [], 'token_logprobs': []}]}}"
5,"Finnish Talentum reports its operating profit increased to EUR 20.5 mn in 2005 from EUR 9.3 mn in 2004 , and net sales totaled EUR 103.3 mn , up from EUR 96.4 mn .",  Sure! Here's the classification of the given sentence:,2,"{'id': '870d8347ee41124e-ORD', 'status': 'finished', 'prompt': ['<s>[INST] <<SYS>>  Discard all the previous instructions. Behave like you are an expert sentence sentiment classifier   <</SYS>>  Classify the following sentence into ‘NEGATIVE’, ‘POSITIVE’, or ‘NEUTRAL’\n                class. Label ‘NEGATIVE’ if it is corresponding to negative sentiment, ‘POSITIVE’ if it is\n                corresponding to positive sentiment, or ‘NEUTRAL’ if the sentiment is neutral. Provide\n                the label in the first line and provide a short explanation in the second line. This is the sentence: Finnish Talentum reports its operating profit increased to EUR 20.5 mn in 2005 from EUR 9.3 mn in 2004 , and net sales totaled EUR 103.3 mn , up from EUR 96.4 mn . [/INST]'], 'model': 'meta-llama/Llama-2-7b-chat-hf', 'model_owner': '', 'num_returns': 1, 'args': {'model': 'meta-llama/Llama-2-7b-chat-hf', 'prompt': '<s>[INST] <<SYS>>  Discard all the previous instructions. Behave like you are an expert sentence sentiment classifier   <</SYS>>  Classify the following sentence into ‘NEGATIVE’, ‘POSITIVE’, or ‘NEUTRAL’\n                class. Label ‘NEGATIVE’ if it is corresponding to negative sentiment, ‘POSITIVE’ if it is\n                corresponding to positive sentiment, or ‘NEUTRAL’ if the sentiment is neutral. Provide\n                the label in the first line and provide a short explanation in the second line. This is the sentence: Finnish Talentum reports its operating profit increased to EUR 20.5 mn in 2005 from EUR 9.3 mn in 2004 , and net sales totaled EUR 103.3 mn , up from EUR 96.4 mn . [/INST]', 'top_p': 0.7, 'top_k': 50, 'temperature': 0.7, 'max_tokens': 128, 'stop': ['<human>', '\n\n'], 'repetition_penalty': 1.1, 'logprobs': None, 'safety_model': None}, 'subjobs': [], 'usage': {'prompt_tokens': 203, 'completion_tokens': 15, 'total_tokens': 218, 'duration': 598}, 'output': {'finish_reason': 'stop_sequence', 'usage': {'prompt_tokens': 203, 'completion_tokens': 15, 'total_tokens': 218}, 'result_type': 'language-model-inference', 'choices': [{'text': ""  Sure! Here's the classification of the given sentence:"", 'finish_reason': 'stop', 'token_ids': [29871, 18585, 29991, 2266, 29915, 29879, 278, 12965, 310, 278, 2183, 10541, 29901, 13, 13]}], 'prompt': [{'text': '<s>[INST] <<SYS>>  Discard all the previous instructions. Behave like you are an expert sentence sentiment classifier   <</SYS>>  Classify the following sentence into ‘NEGATIVE’, ‘POSITIVE’, or ‘NEUTRAL’\n                class. Label ‘NEGATIVE’ if it is corresponding to negative sentiment, ‘POSITIVE’ if it is\n                corresponding to positive sentiment, or ‘NEUTRAL’ if the sentiment is neutral. Provide\n                the label in the first line and provide a short explanation in the second line. This is the sentence: Finnish Talentum reports its operating profit increased to EUR 20.5 mn in 2005 from EUR 9.3 mn in 2004 , and net sales totaled EUR 103.3 mn , up from EUR 96.4 mn . [/INST]', 'token_ids': [], 'tokens': [], 'token_logprobs': []}]}}"
6,"Clothing retail chain Sepp+ñl+ñ 's sales increased by 8 % to EUR 155.2 mn , and operating profit rose to EUR 31.1 mn from EUR 17.1 mn in 2004 .",  Sure! Here's the classification of the given sentence:,2,"{'id': '870d834eaf30298c-ORD', 'status': 'finished', 'prompt': [""<s>[INST] <<SYS>>  Discard all the previous instructions. Behave like you are an expert sentence sentiment classifier   <</SYS>>  Classify the following sentence into ‘NEGATIVE’, ‘POSITIVE’, or ‘NEUTRAL’\n                class. Label ‘NEGATIVE’ if it is corresponding to negative sentiment, ‘POSITIVE’ if it is\n                corresponding to positive sentiment, or ‘NEUTRAL’ if the sentiment is neutral. Provide\n                the label in the first line and provide a short explanation in the second line. This is the sentence: Clothing retail chain Sepp+ñl+ñ 's sales increased by 8 % to EUR 155.2 mn , and operating profit rose to EUR 31.1 mn from EUR 17.1 mn in 2004 . [/INST]""], 'model': 'meta-llama/Llama-2-7b-chat-hf', 'model_owner': '', 'num_returns': 1, 'args': {'model': 'meta-llama/Llama-2-7b-chat-hf', 'prompt': ""<s>[INST] <<SYS>>  Discard all the previous instructions. Behave like you are an expert sentence sentiment classifier   <</SYS>>  Classify the following sentence into ‘NEGATIVE’, ‘POSITIVE’, or ‘NEUTRAL’\n                class. Label ‘NEGATIVE’ if it is corresponding to negative sentiment, ‘POSITIVE’ if it is\n                corresponding to positive sentiment, or ‘NEUTRAL’ if the sentiment is neutral. Provide\n                the label in the first line and provide a short explanation in the second line. This is the sentence: Clothing retail chain Sepp+ñl+ñ 's sales increased by 8 % to EUR 155.2 mn , and operating profit rose to EUR 31.1 mn from EUR 17.1 mn in 2004 . [/INST]"", 'top_p': 0.7, 'top_k': 50, 'temperature': 0.7, 'max_tokens': 128, 'stop': ['<human>', '\n\n'], 'repetition_penalty': 1.1, 'logprobs': None, 'safety_model': None}, 'subjobs': [], 'usage': {'prompt_tokens': 197, 'completion_tokens': 15, 'total_tokens': 212, 'duration': 312}, 'output': {'finish_reason': 'stop_sequence', 'usage': {'prompt_tokens': 197, 'completion_tokens': 15, 'total_tokens': 212}, 'result_type': 'language-model-inference', 'choices': [{'text': ""  Sure! Here's the classification of the given sentence:"", 'finish_reason': 'stop', 'token_ids': [29871, 18585, 29991, 2266, 29915, 29879, 278, 12965, 310, 278, 2183, 10541, 29901, 13, 13]}], 'prompt': [{'text': ""<s>[INST] <<SYS>>  Discard all the previous instructions. Behave like you are an expert sentence sentiment classifier   <</SYS>>  Classify the following sentence into ‘NEGATIVE’, ‘POSITIVE’, or ‘NEUTRAL’\n                class. Label ‘NEGATIVE’ if it is corresponding to negative sentiment, ‘POSITIVE’ if it is\n                corresponding to positive sentiment, or ‘NEUTRAL’ if the sentiment is neutral. Provide\n                the label in the first line and provide a short explanation in the second line. This is the sentence: Clothing retail chain Sepp+ñl+ñ 's sales increased by 8 % to EUR 155.2 mn , and operating profit rose to EUR 31.1 mn from EUR 17.1 mn in 2004 . [/INST]"", 'token_ids': [], 'tokens': [], 'token_logprobs': []}]}}"
7,"Consolidated net sales increased 16 % to reach EUR74 .8 m , while operating profit amounted to EUR0 .9 m compared to a loss of EUR0 .7 m in the prior year period .",  Sure! Here's the classification for the given sentence:,2,"{'id': '870d83521fe02334-ORD', 'status': 'finished', 'prompt': ['<s>[INST] <<SYS>>  Discard all the previous instructions. Behave like you are an expert sentence sentiment classifier   <</SYS>>  Classify the following sentence into ‘NEGATIVE’, ‘POSITIVE’, or ‘NEUTRAL’\n                class. Label ‘NEGATIVE’ if it is corresponding to negative sentiment, ‘POSITIVE’ if it is\n                corresponding to positive sentiment, or ‘NEUTRAL’ if the sentiment is neutral. Provide\n                the label in the first line and provide a short explanation in the second line. This is the sentence: Consolidated net sales increased 16 % to reach EUR74 .8 m , while operating profit amounted to EUR0 .9 m compared to a loss of EUR0 .7 m in the prior year period . [/INST]'], 'model': 'meta-llama/Llama-2-7b-chat-hf', 'model_owner': '', 'num_returns': 1, 'args': {'model': 'meta-llama/Llama-2-7b-chat-hf', 'prompt': '<s>[INST] <<SYS>>  Discard all the previous instructions. Behave like you are an expert sentence sentiment classifier   <</SYS>>  Classify the following sentence into ‘NEGATIVE’, ‘POSITIVE’, or ‘NEUTRAL’\n                class. Label ‘NEGATIVE’ if it is corresponding to negative sentiment, ‘POSITIVE’ if it is\n                corresponding to positive sentiment, or ‘NEUTRAL’ if the sentiment is neutral. Provide\n                the label in the first line and provide a short explanation in the second line. This is the sentence: Consolidated net sales increased 16 % to reach EUR74 .8 m , while operating profit amounted to EUR0 .9 m compared to a loss of EUR0 .7 m in the prior year period . [/INST]', 'top_p': 0.7, 'top_k': 50, 'temperature': 0.7, 'max_tokens': 128, 'stop': ['<human>', '\n\n'], 'repetition_penalty': 1.1, 'logprobs': None, 'safety_model': None}, 'subjobs': [], 'usage': {'prompt_tokens': 186, 'completion_tokens': 15, 'total_tokens': 201, 'duration': 313}, 'output': {'finish_reason': 'stop_sequence', 'usage': {'prompt_tokens': 186, 'completion_tokens': 15, 'total_tokens': 201}, 'result_type': 'language-model-inference', 'choices': [{'text': ""  Sure! Here's the classification for the given sentence:"", 'finish_reason': 'stop', 'token_ids': [29871, 18585, 29991, 2266, 29915, 29879, 278, 12965, 363, 278, 2183, 10541, 29901, 13, 13]}], 'prompt': [{'text': '<s>[INST] <<SYS>>  Discard all the previous instructions. Behave like you are an expert sentence sentiment classifier   <</SYS>>  Classify the following sentence into ‘NEGATIVE’, ‘POSITIVE’, or ‘NEUTRAL’\n                class. Label ‘NEGATIVE’ if it is corresponding to negative sentiment, ‘POSITIVE’ if it is\n                corresponding to positive sentiment, or ‘NEUTRAL’ if the sentiment is neutral. Provide\n                the label in the first line and provide a short explanation in the second line. This is the sentence: Consolidated net sales increased 16 % to reach EUR74 .8 m , while operating profit amounted to EUR0 .9 m compared to a loss of EUR0 .7 m in the prior year period . [/INST]', 'token_ids': [], 'tokens': [], 'token_logprobs': []}]}}"
