prompt,validation_accuracy,new_best
"Classify the given sentence from FOMC as either hawkish, dovish, or neutral. A hawkish stance suggests a more aggressive approach to monetary policy, while a dovish stance indicates a more accommodative approach. A neutral stance implies no significant change in the monetary policy stance. Provide a clear and concise explanation, highlighting specific phrases or arguments that support your classification. If the sentence is neutral, please explain why it does not express a clear bias towards tightening or easing monetary policy.",0.4722222222222222,True
"For the purpose of this task, 'hawkish' refers to a central bank's policy stance that is more likely to raise interest rates to control inflation, while 'dovish' refers to a policy stance that is more likely to keep interest rates low to stimulate economic growth. Analyze the given sentence from FOMC and classify it as either hawkish (leaning towards a more aggressive approach to tightening monetary policy), neutral (neither hawkish nor dovish), or dovish (leaning towards a more accommodative approach to easing monetary policy). Provide a clear and concise explanation, highlighting specific phrases or arguments that support your classification. If the sentence is neutral, please explain why it does not express a clear bias towards tightening or easing monetary policy. Additionally, compare the sentence to a clear-cut example of hawkish and dovish language, and explain how the sentence's language and tone compare to these examples.",0.4444444444444444,False
"Classify the given sentence from FOMC as either hawkish, leaning hawkish, neutral, leaning dovish, or dovish. To do this, please identify specific phrases or arguments in the sentence that indicate a bias towards tightening or easing monetary policy. Provide a clear and concise explanation, highlighting the evidence that supports your classification.\nFor example, if the sentence was ""The FOMC is considering raising interest rates to combat inflation,"" you could classify it as ""hawkish"" because it indicates a bias towards tightening monetary policy by raising interest rates. On the other hand, if the sentence was ""The FOMC is concerned about the slow pace of economic growth and may consider easing monetary policy,"" you could classify it as ""dovish"" because it indicates a bias towards easing monetary policy by considering actions that would stimulate economic growth.\nPlease avoid using vague terms like ""neutral"" when classifying sentiment. Instead, strive for clear and specific answers that accurately reflect the sentiment of the given text.",0.4444444444444444,False
"Classify the given sentence from FOMC as either hawkish, dovish, or neutral. Provide a clear and concise explanation, highlighting specific phrases or arguments that support your classification. If the sentence is neutral, please explain why it does not express a clear bias towards tightening or easing monetary policy.\nTo ensure a more accurate classification, consider the overall context and tone of the sentence, and provide examples of language that would indicate each stance. For example:\n""Classify the given sentence from FOMC as either hawkish, dovish, or neutral. Provide a clear and concise explanation, highlighting specific phrases or arguments that support your classification. If the sentence is neutral, please explain why it does not express a clear bias towards tightening or easing monetary policy, and provide examples of language that would indicate a bias towards tightening or easing.""",0.5277777777777778,True
"Classify the given sentence from FOMC as either hawkish, dovish, or neutral. Provide a more nuanced analysis of the sentence, taking into account the specific words and phrases used, as well as the overall context of the conversation. Highlight the specific arguments or phrases that support your classification, and explain why you believe the sentence leans towards a particular stance. To help you make an accurate classification, consider the following examples:\n- A hawkish stance might be indicated by phrases such as 'tighten monetary policy', 'raise interest rates', or 'curb inflation'.\n- A dovish stance might be indicated by phrases such as 'maintain accommodative monetary policy', 'support economic growth', or 'tolerate higher inflation levels'.\n- A neutral stance might be indicated by phrases such as 'continue to closely monitor economic conditions', 'make decisions based on the data', or 'take a balanced approach'.\nEnsure that your response is clear, concise, and informative, and that you provide a detailed explanation of your reasoning. If the sentence is neutral, please explain why it does not express a clear bias towards tightening or easing monetary policy, and provide examples of language that would indicate a bias towards tightening or easing monetary policy.",0.5277777777777778,True
"Classify the given sentence from FOMC as either hawkish, dovish, or neutral. Provide a detailed and nuanced analysis of the sentence, taking into account the specific words and phrases used, as well as the overall context of the conversation. Highlight the specific arguments or phrases that support your classification, and explain why you believe the sentence leans towards a particular stance. To help you make an accurate classification, consider the following examples:\n- A hawkish stance might be indicated by phrases such as 'tighten monetary policy', 'raise interest rates', or 'curb inflation'.\n- A dovish stance might be indicated by phrases such as 'maintain accommodative monetary policy', 'support economic growth', or 'tolerate higher inflation levels'.\n- A neutral stance might be indicated by phrases such as 'continue to closely monitor economic conditions', 'make decisions based on the data', or 'take a balanced approach'.\nEnsure that your response is clear, concise, and informative, and that you provide a detailed explanation of your reasoning. If the sentence is neutral, please explain why it does not express a clear bias towards tightening or easing monetary policy, and provide examples of language that would indicate a bias towards tightening or easing monetary policy.",0.4722222222222222,False
"Analyze the given sentence from the FOMC meeting or statement, and classify it as either hawkish, dovish, or neutral. Provide a detailed and nuanced explanation of your classification, taking into account the specific words and phrases used, as well as the overall context of the conversation. Highlight the specific arguments or phrases that support your classification, and explain why you believe the sentence leans towards a particular stance. To help you make an accurate classification, consider the following examples:\n- A hawkish stance might be indicated by phrases such as 'tighten monetary policy', 'raise interest rates', or 'curb inflation'.\n- A dovish stance might be indicated by phrases such as 'maintain accommodative monetary policy', 'support economic growth', or 'tolerate higher inflation levels'.\n- A neutral stance might be indicated by phrases such as 'continue to closely monitor economic conditions', 'make decisions based on the data', or 'take a balanced approach'.\nIn addition, provide examples of both hawkish and dovish biases, and then explain how the given sentence does not exhibit these biases. Compare the given sentence to sentences that exhibit biases towards tightening or easing monetary policy, and provide a clear and concise explanation of why the sentence is classified as [classification].",0.4444444444444444,False
"Analyze the given sentence from FOMC and classify it as either hawkish, dovish, or neutral. Provide a detailed explanation of your reasoning, highlighting the specific words and phrases that support your classification, and explaining why you believe the sentence leans towards a particular stance. If the sentence is neutral, please explain why it does not express a clear bias towards tightening or easing monetary policy, and provide examples of language that would indicate a bias towards tightening or easing monetary policy. Additionally, provide a confidence score between 0 and 1, where 0 indicates no confidence and 1 indicates full confidence in your classification. Take into account the broader economic context when classifying the sentence, including recent economic data, market trends, and the current state of the economy.",0.5555555555555556,True
"Analyze the given sentence from FOMC and explain the monetary policy stance implied by the sentence. Provide a detailed rationale for your classification, highlighting the specific words and phrases that support your interpretation, and explaining why you believe the sentence leans towards a particular stance. If the sentence is neutral, please explain why it does not express a clear bias towards tightening or easing monetary policy, and provide examples of language that would indicate a bias towards tightening or easing monetary policy. Additionally, provide a confidence score between 0 and 1, where 0 indicates no confidence and 1 indicates full confidence in your classification. Take into account the broader economic context when classifying the sentence, including recent economic data, market trends, and the current state of the economy.",0.2222222222222222,False
"Analyze the given sentence from FOMC and provide a recommendation for monetary policy action based on the economic context. Explain why this action is necessary, what specific policy tools could be used to implement it, and how these tools would impact the economy. Take into account the broader economic context, including recent economic data, market trends, and the current state of the economy.",0.0,False
"Analyze the given sentence from FOMC and provide a detailed explanation of why you classify it as either hawkish, dovish, or neutral. Your explanation should highlight the specific words and phrases that support your classification, explain why you believe the sentence leans towards a particular stance, and discuss the broader economic context, including recent economic data, market trends, and the current state of the economy. Additionally, provide a confidence score between 0 and 1, where 0 indicates no confidence and 1 indicates full confidence in your classification, taking into account specific economic indicators like GDP, CPI, unemployment rate, and interest rates, and explain how the sentence's classification is consistent with the current state of the economy.",0.5,False
"Analyze the given sentence from FOMC and determine whether it indicates a dovish or hawkish stance on monetary policy. Provide a clear and concise explanation of your reasoning, highlighting the specific words and phrases that support your classification, and explaining why you believe the sentence leans towards a particular stance. Include a confidence score between 0 and 1, where 0 indicates no confidence and 1 indicates full confidence in your classification.",0.3888888888888889,False
"Classify the FOMC's stance on monetary policy based on the given sentence, taking into account the broader economic context, including recent economic data, market trends, and the current state of the economy. Provide a detailed explanation of your reasoning, highlighting the specific words and phrases that support your classification, and explaining why you believe the sentence leans towards a particular stance. Additionally, provide a confidence score between 0 and 1, where 0 indicates no confidence and 1 indicates full confidence in your classification.",0.25,False
"Analyze the given sentence from FOMC and classify it as either hawkish, dovish, or neutral, according to the following definitions:\n- Neutral: The sentence does not express a clear preference for tightening or easing monetary policy.\n- Hawkish: The sentence contains language that suggests a preference for tightening monetary policy, such as raising interest rates, fighting inflation, or reducing stimulus.\n- Dovish: The sentence contains language that suggests a preference for easing monetary policy, such as keeping interest rates low, increasing stimulus, or supporting economic growth.\nProvide a detailed explanation of your reasoning, highlighting the specific words and phrases that support your classification, and explaining why you believe the sentence leans towards a particular stance. If the sentence is neutral, please explain why it does not express a clear bias towards tightening or easing monetary policy, and provide examples of language that would indicate a bias towards tightening or easing monetary policy. Additionally, provide a confidence score between 0 and 1, where 0 indicates no confidence and 1 indicates full confidence in your classification. Take into account the current economic context when classifying the sentence, including recent economic data, market trends, and the current state of the economy.",0.4722222222222222,False
"Analyze the given sentence from FOMC and classify it as either hawkish, dovish, or neutral in terms of monetary policy. Provide a detailed explanation of your reasoning, highlighting the specific words and phrases that support your classification, and explaining why the sentence leans towards a particular stance. If the sentence is neutral, please explain why it does not express a clear bias towards tightening or easing monetary policy, and provide examples of language that would indicate a bias towards tightening or easing monetary policy. Additionally, consider the broader economic context when classifying the sentence, including recent economic data, market trends, and the current state of the economy.",0.4722222222222222,False
"Analyze the given sentence from FOMC and classify it as either hawkish, dovish, or neutral. Provide a detailed explanation of your reasoning, highlighting the specific words and phrases that support your classification, and explaining why you believe the sentence leans towards a particular stance. If the sentence is neutral, please explain why it does not express a clear bias towards tightening or easing monetary policy, and provide examples of language that would indicate a bias towards tightening or easing monetary policy. Additionally, provide a confidence score between 0 and 1, where 0 indicates no confidence and 1 indicates full confidence in your classification. Take into account the broader economic context when classifying the sentence, including recent economic data, market trends, and the current state of the economy.\nFor example, if the sentence ""Weekly data for March, however, indicated that gasoline prices rose sharply"" is hawkish, explain why the rise in gasoline prices could lead to inflationary pressures and how this might prompt the Fed to consider tightening monetary policy to keep inflation in check. If the sentence is neutral, explain why it does not express a clear bias towards tightening or easing monetary policy, and provide examples of language that would indicate a bias towards tightening or easing monetary policy, such as ""rising gasoline prices could negatively impact consumer spending, which might lead the Fed to consider easing monetary policy to stimulate economic growth.""",0.5277777777777778,False
"Analyze the given sentence from FOMC and classify it as either hawkish, dovish, or neutral in terms of its stance on monetary policy tightening or easing. Provide a detailed explanation of your reasoning, highlighting the specific words and phrases that support your classification, and explaining why you believe the sentence leans towards a particular stance. If the sentence is neutral, please explain why it does not express a clear bias towards tightening or easing monetary policy. Additionally, provide a confidence score between 0 and 1, where 0 indicates no confidence and 1 indicates full confidence in your classification.",0.6388888888888888,True
"Analyze the given sentence from FOMC and classify it as either hawkish, dovish, or neutral in terms of its stance on monetary policy tightening or easing. Provide a detailed explanation of your reasoning, highlighting the specific words and phrases that support your classification, and explaining why you believe they indicate a particular stance. Discuss the context in which they are used, and provide some examples of monetary policy terms or actions that are commonly associated with a dovish stance, such as keeping interest rates low, signaling a willingness to tolerate inflation, or expressing caution about raising interest rates. Additionally, provide a confidence score between 0 and 1, where 0 indicates no confidence and 1 indicates full confidence in your classification.",0.3888888888888889,False
"Analyze the given sentence from FOMC and classify it as either hawkish, dovish, or neutral in terms of its stance on monetary policy tightening or easing. Provide a brief explanation or justification for your classification, and a confidence score between 0 and 1, where 0 indicates no confidence and 1 indicates full confidence in your classification.\nExample response: The sentence ""The Committee decided to raise interest rates by 0.25%"" is hawkish, as it explicitly states that interest rates are being raised, indicating a tightening of monetary policy. The confidence score for this classification is 1.",0.4444444444444444,False
"Analyze the given sentence from FOMC and provide a detailed explanation of why it is neutral in terms of its stance on monetary policy tightening or easing. Break down the sentence into its constituent parts and explain how each part contributes to its neutrality. Additionally, provide a confidence score between 0 and 1, where 0 indicates no confidence and 1 indicates full confidence in your classification. To help you understand the question, consider the following example: if the sentence had said 'The FOMC is committed to tightening monetary policy to combat inflation,' it would be clear that the sentence is biased towards tightening. However, the given sentence does not express any such bias. Break down the sentence into its constituent parts and explain how each part contributes to its neutrality. Additionally, provide a confidence score between 0 and 1, where 0 indicates no confidence and 1 indicates full confidence in your classification.",0.3333333333333333,False
"Analyze the given sentence from FOMC and classify it as either hawkish, dovish, or neutral in terms of its stance on monetary policy tightening or easing. Provide a clear and concise explanation of your reasoning, highlighting the specific words and phrases that support your classification, and explaining why you believe the sentence leans towards a particular stance. Use precise and accurate terminology when classifying the stance of a sentence, using 'hawkish' to indicate a more aggressive or restrictive stance on monetary policy, and 'dovish' to indicate a more accommodative or expansionary stance. Additionally, provide a confidence score between 0 and 1, where 0 indicates no confidence and 1 indicates full confidence in your classification.\nFor reference, here are some examples of sentences that demonstrate clear hawkish, dovish, and neutral stances:\n- Hawkish: ""In light of rising inflation, the central bank has decided to raise interest rates.""\n- Dovish: ""Given the slow pace of economic recovery, the central bank has decided to keep interest rates low to support growth.""\n- Neutral: ""The central bank has decided to maintain its current monetary policy stance.""",0.5,False
"Classify the given sentence from FOMC as either hawkish, dovish, or neutral in terms of its stance on monetary policy tightening or easing. Provide a brief explanation of your reasoning, highlighting the specific words and phrases that support your classification, and explain how this sentence suggests a bias towards a particular policy stance in the current economic context.",0.4722222222222222,False
"Analyze the given sentence from FOMC and classify it as either hawkish, dovish, or neutral in terms of its stance on monetary policy tightening or easing. Provide a detailed and well-supported explanation of your reasoning, highlighting the specific words and phrases that support your classification, and explaining why you believe the sentence leans towards a particular stance. In your explanation, be sure to address the following points:\n1. Explain the overall tone and sentiment of the sentence, and how it relates to the stance on monetary policy.\n2. Discuss the specific words and phrases that indicate a bias towards tightening or easing monetary policy, and explain why these words and phrases support your classification.\n3. Provide examples of other sentences or statements that share similar characteristics and are classified as the same stance, to help reinforce your classification.\n4. If the sentence is neutral, explain why it does not express a clear bias towards tightening or easing monetary policy, and provide examples of sentences that are classified as neutral.\n5. Provide a confidence score between 0 and 1, where 0 indicates no confidence and 1 indicates full confidence in your classification.\nBy following this structure, the language model will be encouraged to provide a more detailed and well-supported explanation for its classification, which will help to improve the objective function.",0.4444444444444444,False
"Classify the given sentence from FOMC as either hawkish, dovish, or neutral based on its stance on monetary policy tightening or easing. Provide a detailed explanation of your reasoning, highlighting the specific words and phrases that support your classification, and provide a confidence score between 0 and 1, where 0 indicates no confidence and 1 indicates full confidence in your classification. In your response, provide a detailed explanation of your reasoning, explaining why you believe the sentence leans towards a particular stance. Be sure to highlight the specific words and phrases that support your classification, and provide a clear and concise explanation for why the sentence is classified as hawkish, dovish, or neutral. In your response, be sure to provide a concise and clear explanation for your classification, while still providing enough information for the reader to understand the reasoning behind your prediction.",0.5277777777777778,False
"Analyze the given sentence from FOMC and provide a balanced and nuanced interpretation of its stance on monetary policy tightening or easing. Explain your reasoning, highlighting the specific words and phrases that support your interpretation, and provide a confidence score between 0 and 1, where 0 indicates no confidence and 1 indicates full confidence in your interpretation. Ensure your response acknowledges the complexity of the sentence and the potential for multiple interpretations, and clearly states the dominant interpretation in the given context.",0.1388888888888889,False
"Analyze the given sentence from FOMC and classify it as either hawkish or dovish, with a confidence score between 0 and 1. Provide a detailed explanation of your reasoning, highlighting the specific words and phrases that support your classification, and explaining why you believe the sentence leans towards a particular stance. If the sentence is neutral, please explain why it does not express a clear bias towards tightening or easing monetary policy.",0.5,False
"Classify the given sentence from FOMC as either hawkish, dovish, or neutral in terms of its stance on monetary policy tightening or easing. Provide a clear and concise classification, and explain the specific words and phrases in the sentence that support your classification. If the sentence is neutral, explain why it does not express a clear bias towards tightening or easing monetary policy.",0.5,False
"Classify the given FOMC sentence as either hawkish, dovish, or neutral, and provide a brief explanation of your reasoning. If the sentence is neutral, explain why it does not express a clear bias towards tightening or easing monetary policy.",0.4722222222222222,False
"Analyze the given sentence from FOMC and classify it as either hawkish, dovish, or neutral in terms of its stance on monetary policy tightening or easing. Provide a detailed explanation of your reasoning, highlighting the specific words and phrases that support your classification, and explaining why you believe the sentence leans towards a particular stance. If the sentence is neutral, please explain why it does not express a clear bias towards tightening or easing monetary policy. Additionally, provide a list of objective criteria that you used to make your classification, such as the use of words like 'optimistic' or 'cautious' to indicate a dovish stance, or the absence of words like 'aggressive' or 'tightening' to indicate a hawkish stance. Finally, provide a confidence score between 0 and 1, where 0 indicates no confidence and 1 indicates full confidence in your classification.",0.5277777777777778,False
"Analyze the given sentence from FOMC and classify its stance on monetary policy tightening or easing. Provide a detailed explanation of your reasoning, highlighting the specific words and phrases that support your classification, and explain why you believe the sentence leans towards a particular stance. If the sentence is neutral, please explain why it does not express a clear bias towards tightening or easing monetary policy. Additionally, provide a sentiment score between 0 and 1, where 0 indicates no confidence and 1 indicates full confidence in your classification.",0.19444444444444445,False